{
  "M1": {
    "accuracy": 0.9956,
    "real_precision": 0.9931245225362872,
    "real_recall": 0.9900990099009901,
    "real_f1": 0.9916094584286804,
    "fake_precision": 0.9964779192630724,
    "fake_recall": 0.9975589910496339,
    "fake_f1": 0.9970181621035511,
    "cm": [
      [
        1300,
        13
      ],
      [
        9,
        3678
      ]
    ],
    "real_support": 1313,
    "fake_support": 3687
  },
  "M2": {
    "accuracy": 0.998,
    "real_precision": 0.9954372623574145,
    "real_recall": 0.996953541507997,
    "real_f1": 0.9961948249619482,
    "fake_precision": 0.9989145183175034,
    "fake_recall": 0.9983726606997559,
    "fake_f1": 0.9986435160065111,
    "cm": [
      [
        1309,
        4
      ],
      [
        6,
        3681
      ]
    ],
    "real_support": 1313,
    "fake_support": 3687
  },
  "M3": {
    "accuracy": 0.9934,
    "real_precision": 0.9885496183206107,
    "real_recall": 0.9862909367859863,
    "real_f1": 0.9874189858940144,
    "fake_precision": 0.9951219512195122,
    "fake_recall": 0.9959316517493898,
    "fake_f1": 0.9955266368442456,
    "cm": [
      [
        1295,
        18
      ],
      [
        15,
        3672
      ]
    ],
    "real_support": 1313,
    "fake_support": 3687
  },
  "M4": {
    "accuracy": 0.995,
    "real_precision": 0.9961479198767335,
    "real_recall": 0.9847677075399848,
    "real_f1": 0.9904251244733818,
    "fake_precision": 0.9945975148568341,
    "fake_recall": 0.9986438839164633,
    "fake_f1": 0.9966165922316957,
    "cm": [
      [
        1293,
        20
      ],
      [
        5,
        3682
      ]
    ],
    "real_support": 1313,
    "fake_support": 3687
  },
  "M5": {
    "accuracy": 0.9792,
    "real_precision": 0.9771112865035517,
    "real_recall": 0.9428789032749428,
    "real_f1": 0.9596899224806201,
    "fake_precision": 0.979908920439325,
    "fake_recall": 0.9921345267154869,
    "fake_f1": 0.9859838274932614,
    "cm": [
      [
        1238,
        75
      ],
      [
        29,
        3658
      ]
    ],
    "real_support": 1313,
    "fake_support": 3687
  },
  "M6": {
    "accuracy": 0.9954,
    "real_precision": 0.9969183359013868,
    "real_recall": 0.9855293221629855,
    "real_f1": 0.9911911145155113,
    "fake_precision": 0.9948676391139925,
    "fake_recall": 0.9989151071331706,
    "fake_f1": 0.9968872648531601,
    "cm": [
      [
        1294,
        19
      ],
      [
        4,
        3683
      ]
    ],
    "real_support": 1313,
    "fake_support": 3687
  },
  "M7": {
    "accuracy": 0.9962,
    "real_precision": 0.9938931297709923,
    "real_recall": 0.9916222391469917,
    "real_f1": 0.9927563858177659,
    "fake_precision": 0.9970189701897019,
    "fake_recall": 0.9978302142663412,
    "fake_f1": 0.9974244272739596,
    "cm": [
      [
        1302,
        11
      ],
      [
        8,
        3679
      ]
    ],
    "real_support": 1313,
    "fake_support": 3687
  },
  "M8": {
    "accuracy": 0.9948,
    "real_precision": 0.993103448275862,
    "real_recall": 0.9870525514089871,
    "real_f1": 0.9900687547746372,
    "fake_precision": 0.9953991880920162,
    "fake_recall": 0.9975589910496339,
    "fake_f1": 0.9964779192630724,
    "cm": [
      [
        1296,
        17
      ],
      [
        9,
        3678
      ]
    ],
    "real_support": 1313,
    "fake_support": 3687
  },
  "M9": {
    "accuracy": 0.9944,
    "real_precision": 0.9908326967150497,
    "real_recall": 0.9878141660319878,
    "real_f1": 0.9893211289092296,
    "fake_precision": 0.9956651314007045,
    "fake_recall": 0.9967453213995118,
    "fake_f1": 0.9962049335863378,
    "cm": [
      [
        1297,
        16
      ],
      [
        12,
        3675
      ]
    ],
    "real_support": 1313,
    "fake_support": 3687
  },
  "M10": {
    "accuracy": 0.7324,
    "real_precision": 0.4916275954454119,
    "real_recall": 0.559025133282559,
    "real_f1": 0.5231646471846044,
    "fake_precision": 0.834901625320787,
    "fake_recall": 0.7941415785191213,
    "fake_f1": 0.8140116763969975,
    "cm": [
      [
        734,
        579
      ],
      [
        759,
        2928
      ]
    ],
    "real_support": 1313,
    "fake_support": 3687
  }
}